[{"identifier":{"id":"esbenp.prettier-vscode","uuid":"96fa4707-6983-4489-b7c5-d5ffdfdcce90"},"version":"11.0.0","location":{"$mid":1,"path":"/c:/Users/Gildas/.cursor/extensions/esbenp.prettier-vscode-11.0.0","scheme":"file"},"relativeLocation":"esbenp.prettier-vscode-11.0.0","metadata":{"installedTimestamp":1736268949369,"pinned":false,"source":"gallery","id":"96fa4707-6983-4489-b7c5-d5ffdfdcce90","publisherId":"d16f4e39-2ffb-44e3-9c0d-79d873570e3a","publisherDisplayName":"esbenp","targetPlatform":"undefined","updated":false,"isPreReleaseVersion":false,"hasPreReleaseVersion":false}},{"identifier":{"id":"dbaeumer.vscode-eslint","uuid":"583b2b34-2c1e-4634-8c0b-0b82e283ea3a"},"version":"3.0.10","location":{"$mid":1,"path":"/c:/Users/Gildas/.cursor/extensions/dbaeumer.vscode-eslint-3.0.10","scheme":"file"},"relativeLocation":"dbaeumer.vscode-eslint-3.0.10","metadata":{"installedTimestamp":1736268957014,"pinned":false,"source":"gallery","id":"583b2b34-2c1e-4634-8c0b-0b82e283ea3a","publisherId":"29859a75-d81b-4f0e-8578-2c80ecee6f99","publisherDisplayName":"dbaeumer","targetPlatform":"undefined","updated":false,"isPreReleaseVersion":false,"hasPreReleaseVersion":false}},{"identifier":{"id":"formulahendry.code-runner","uuid":"a6a0c5b2-d078-4bf5-a9ee-4e37054414b3"},"version":"0.12.2","location":{"$mid":1,"path":"/c:/Users/Gildas/.cursor/extensions/formulahendry.code-runner-0.12.2","scheme":"file"},"relativeLocation":"formulahendry.code-runner-0.12.2","metadata":{"installedTimestamp":1736268963940,"pinned":false,"source":"gallery","id":"a6a0c5b2-d078-4bf5-a9ee-4e37054414b3","publisherId":"38bbe3f0-5204-4170-845e-c2f966d979b8","publisherDisplayName":"formulahendry","targetPlatform":"undefined","updated":false,"isPreReleaseVersion":false,"hasPreReleaseVersion":false}},{"identifier":{"id":"github.copilot-chat","uuid":"7ec7d6e6-b89e-4cc5-a59b-d6c4d238246f"},"version":"0.20.3","location":{"$mid":1,"path":"/c:/Users/Gildas/.cursor/extensions/github.copilot-chat-0.20.3","scheme":"file"},"relativeLocation":"github.copilot-chat-0.20.3","metadata":{"installedTimestamp":1736268964225,"pinned":false,"source":"gallery","id":"7ec7d6e6-b89e-4cc5-a59b-d6c4d238246f","publisherId":"7c1c19cd-78eb-4dfb-8999-99caf7679002","publisherDisplayName":"GitHub","targetPlatform":"undefined","updated":false,"isPreReleaseVersion":false,"hasPreReleaseVersion":false}},{"identifier":{"id":"github.copilot","uuid":"23c4aeee-f844-43cd-b53e-1113e483f1a6"},"version":"1.250.0","location":{"$mid":1,"path":"/c:/Users/Gildas/.cursor/extensions/github.copilot-1.250.0","scheme":"file"},"relativeLocation":"github.copilot-1.250.0","metadata":{"installedTimestamp":1736268964224,"pinned":false,"source":"gallery","id":"23c4aeee-f844-43cd-b53e-1113e483f1a6","publisherId":"7c1c19cd-78eb-4dfb-8999-99caf7679002","publisherDisplayName":"GitHub","targetPlatform":"undefined","updated":false,"isPreReleaseVersion":false,"hasPreReleaseVersion":false}},{"identifier":{"id":"wakatime.vscode-wakatime","uuid":"f2fd462f-f1bd-4c62-b54f-59a4e5ffc6a3"},"version":"25.0.0","location":{"$mid":1,"path":"/c:/Users/Gildas/.cursor/extensions/wakatime.vscode-wakatime-25.0.0","scheme":"file"},"relativeLocation":"wakatime.vscode-wakatime-25.0.0","metadata":{"installedTimestamp":1736268970008,"pinned":false,"source":"gallery","id":"f2fd462f-f1bd-4c62-b54f-59a4e5ffc6a3","publisherId":"27977793-9e84-451b-8977-744ce63f3d70","publisherDisplayName":"WakaTime","targetPlatform":"undefined","updated":false,"isPreReleaseVersion":false,"hasPreReleaseVersion":false}},{"identifier":{"id":"ms-dotnettools.vscode-dotnet-runtime","uuid":"1aab81a1-b3d9-4aef-976b-577d5d90fe3f"},"version":"2.2.3","location":{"$mid":1,"path":"/c:/Users/Gildas/.cursor/extensions/ms-dotnettools.vscode-dotnet-runtime-2.2.3","scheme":"file"},"relativeLocation":"ms-dotnettools.vscode-dotnet-runtime-2.2.3","metadata":{"installedTimestamp":1736268980101,"pinned":false,"source":"gallery","id":"1aab81a1-b3d9-4aef-976b-577d5d90fe3f","publisherId":"d05e23de-3974-4ff0-8d47-23ee77830092","publisherDisplayName":"ms-dotnettools","targetPlatform":"undefined","updated":false,"isPreReleaseVersion":false,"hasPreReleaseVersion":false}},{"identifier":{"id":"emmanuelbeziat.vscode-great-icons","uuid":"829a192d-496c-44ac-87f3-0a84ce36a853"},"version":"2.1.111","location":{"$mid":1,"path":"/c:/Users/Gildas/.cursor/extensions/emmanuelbeziat.vscode-great-icons-2.1.111","scheme":"file"},"relativeLocation":"emmanuelbeziat.vscode-great-icons-2.1.111","metadata":{"installedTimestamp":1736268999095,"pinned":false,"source":"gallery","id":"829a192d-496c-44ac-87f3-0a84ce36a853","publisherId":"c6e135ee-f6a2-45cb-b782-fd4de23acc84","publisherDisplayName":"emmanuelbeziat","targetPlatform":"undefined","updated":false,"isPreReleaseVersion":false,"hasPreReleaseVersion":false}},{"identifier":{"id":"saoudrizwan.claude-dev","uuid":"ad94c633-a9d5-4f78-b85f-c664e7d91a0f"},"version":"3.1.2","location":{"$mid":1,"path":"/c:/Users/Gildas/.cursor/extensions/saoudrizwan.claude-dev-3.1.2","scheme":"file"},"relativeLocation":"saoudrizwan.claude-dev-3.1.2","metadata":{"installedTimestamp":1736269031179,"pinned":false,"source":"gallery","id":"ad94c633-a9d5-4f78-b85f-c664e7d91a0f","publisherId":"6f42e67d-d7ea-4a53-8704-2ae8bf2d86f3","publisherDisplayName":"saoudrizwan","targetPlatform":"undefined","updated":false,"isPreReleaseVersion":false,"hasPreReleaseVersion":false}},{"identifier":{"id":"roman.ayu-next","uuid":"331d7905-a613-40e3-b356-b66061bf6ee6"},"version":"1.2.15","location":{"$mid":1,"path":"/c:/Users/Gildas/.cursor/extensions/roman.ayu-next-1.2.15","scheme":"file"},"relativeLocation":"roman.ayu-next-1.2.15","metadata":{"installedTimestamp":1736269074074,"pinned":false,"source":"gallery","id":"331d7905-a613-40e3-b356-b66061bf6ee6","publisherId":"2657c214-2bcf-402b-b328-6bee4e8ae9ea","publisherDisplayName":"Roman","targetPlatform":"undefined","updated":false,"isPreReleaseVersion":false,"hasPreReleaseVersion":false}},{"identifier":{"id":"geisslerh.ayu-mirage-bold-italic","uuid":"83cdd387-6549-47c3-a88e-94feaed17e91"},"version":"1.7.0","location":{"$mid":1,"path":"/c:/Users/Gildas/.cursor/extensions/geisslerh.ayu-mirage-bold-italic-1.7.0","scheme":"file"},"relativeLocation":"geisslerh.ayu-mirage-bold-italic-1.7.0","metadata":{"installedTimestamp":1736269174222,"pinned":false,"source":"gallery","id":"83cdd387-6549-47c3-a88e-94feaed17e91","publisherId":"2663c89c-a07f-403d-aa23-855c56546587","publisherDisplayName":"geisslerh","targetPlatform":"undefined","updated":false,"isPreReleaseVersion":false,"hasPreReleaseVersion":false}},{"identifier":{"id":"vsls-contrib.gistfs","uuid":"0cfb9d1d-3e59-4c36-a597-157b54e4442b"},"version":"0.6.0","location":{"$mid":1,"path":"/c:/Users/Gildas/.cursor/extensions/vsls-contrib.gistfs-0.6.0","scheme":"file"},"relativeLocation":"vsls-contrib.gistfs-0.6.0","metadata":{"installedTimestamp":1736269467986,"pinned":false,"source":"gallery","id":"0cfb9d1d-3e59-4c36-a597-157b54e4442b","publisherId":"03b54342-c642-4e41-b84d-6a2222e2b060","publisherDisplayName":"vsls-contrib","targetPlatform":"undefined","updated":false,"isPreReleaseVersion":false,"hasPreReleaseVersion":false}},{"identifier":{"id":"supermaven.supermaven","uuid":"b16722b2-9d79-4b90-8f9c-d385d23eeeed"},"version":"1.1.12","location":{"$mid":1,"fsPath":"c:\\Users\\Gildas\\.cursor\\extensions\\supermaven.supermaven-1.1.12-win32-x64","_sep":1,"external":"file:///c%3A/Users/Gildas/.cursor/extensions/supermaven.supermaven-1.1.12-win32-x64","path":"/c:/Users/Gildas/.cursor/extensions/supermaven.supermaven-1.1.12-win32-x64","scheme":"file"},"relativeLocation":"supermaven.supermaven-1.1.12-win32-x64","metadata":{"installedTimestamp":1736269517737,"pinned":false,"source":"gallery","id":"b16722b2-9d79-4b90-8f9c-d385d23eeeed","publisherId":"7c26f250-119f-4477-ba2f-62ef02b802ec","publisherDisplayName":"supermaven","targetPlatform":"win32-x64","updated":false,"isPreReleaseVersion":false,"hasPreReleaseVersion":false}}]